{"scope.version":"2","timeline.animationMode":"proMode","viewport.width":480,"viewport.height":640,"library.openDirectories":[],"library.GroupsPath":{},"library.downloadedAssets":{},"timeline.loopPreview":true,"tool.text.optionsState":{"fontName":"Times","fontSize":"16px","fontWeight":"normal","fontStyle":"normal","alignLeft":true,"alignCenter":false,"alignRight":false,"alignJustify":false,"verticalAlignCenter":false,"foreColor":"rgb(0, 0, 0)","tagName":"span","orderedList":false,"unorderedList":false},"design.zoom":0.6260172793101325,"ruler.guides.horizontal":[],"ruler.guides.vertical":[],"ruler.guides.show":true,"ruler.guides.lock":false}